x,y
0.3718400561924806,208.93546606692652
1.0452263729928113,215.32380826589377
1.1245155017224642,216.37054679292717
1.3664105876515507,11.423089674483414
1.467501388354977,11.007773509073306
1.5409600442581102,16.52691634198139
10.635953715522842,214.95829556115345
10.797898126317513,207.0395723812539
10.90826424686681,219.35919517925282
10.94662338460284,214.61372132396744
101.14864599321128,17.074361011990835
101.9736977080139,145.65408117671856
103.5280828630496,108.13520797734172
104.5557823807081,131.19176262697925
106.14330296183748,18.32505525016383
106.51232819823872,116.42610485071067
108.05206757292515,14.702878372708025
11.02710281340135,207.29075081082686
11.93732694789218,88.68514028751221
12.014526989874756,211.95982947283008
12.24179739412465,209.1320023194056
12.571266640512608,210.49185192435155
12.633077379319769,220.7241546153694
120.4345654446284,12.750230399138658
121.95070292162694,20.387766803989056
125.04581342650748,190.88244608206372
125.0653510895446,19.642702707048407
125.27067706156377,19.702117094615865
125.5482409519675,0.23973202224629464
125.87435337936637,53.589778092570086
126.69932430766843,33.906696641701956
126.73382514719424,197.03274294080782
127.01855009970818,9.679835730493945
127.43882146787976,181.5496152120724
127.46116971452516,175.23945734953958
127.48889516542765,37.577219684286895
128.12266564432963,50.23233198817127
128.4778740052526,10.484385677453297
128.76196294372443,8.839026132558043
128.76795084137603,30.53378924326171
128.85916498805113,188.59538998780516
128.87530317576545,36.518924580695646
128.88642134032034,44.20190313665252
128.97482811971054,18.53711027163707
129.0954476782564,178.41453444265193
129.17451668723737,200.33132078075184
129.21251454754366,38.300855563527456
129.26703477416743,194.74386739180892
129.33417392580373,292.32532551899914
129.35963834103222,266.19385878571876
129.3708316340296,10.261491025553013
129.39924381404862,53.252363706755155
129.40683390060522,267.94692392366034
129.4969217289571,8.160519046534565
129.60850678261087,26.541457082447785
129.86019502351482,8.881220487103903
129.86222067648498,56.701496780900385
129.92062054451512,43.21158346543805
129.97715447068867,48.77458835707495
13.130909751129664,63.81565093102908
13.27408709002111,92.9470778439546
13.337032392041145,204.76475849421465
13.343094089961639,214.4084773895485
13.374168007484272,199.6733904171087
13.388282248040522,204.61954399944247
130.25394854772836,188.90177900091695
130.3006405931242,290.82896456538236
130.46797748076978,275.7003032596515
130.5104648805315,17.041220204736877
130.52827213268733,56.69230248224311
130.6366209471605,55.84945652881414
130.6640158629033,173.25061104656322
130.7430766487175,33.55864700690261
130.7686097176949,276.35038028173807
130.98779640850915,29.12274136237621
131.01695220866227,187.18476164845228
131.0711421411526,22.53027876191878
131.32349668108773,43.03837276840298
131.35565822604335,37.2871346419956
131.49739731902017,183.2689171105072
131.6074889028509,47.5112853479237
131.68566658882952,188.1334009424862
131.9554631865814,45.52616441849946
132.01086509939068,277.94377220343813
132.13222873690728,22.590061880036387
132.14279826340103,292.2909041524269
132.1612481632488,32.488955802938854
132.3151897270935,33.79511958536143
132.3577475081236,186.67063645560546
132.60558455934824,27.7339476883227
132.6389271288578,70.77787662751759
132.8131553463571,6.823438979859068
132.87200318725263,9.953427280073072
133.05684455475242,51.62139601470133
133.256969557234,49.78648807349356
133.38403494214535,29.093202202904507
133.39657579916255,10.31479186044752
133.42845899188995,19.66018442258802
133.71456266757065,22.629124979798178
133.7531588730488,54.08709877397516
133.9063456444542,178.58169303876195
134.26996068745385,40.70977753034103
134.27848588624278,178.97005694448777
134.30424349208644,24.741793729796086
134.35550578516174,66.81176833998278
134.67830918586853,8.34875007009836
134.76286560526398,49.55959202945531
134.93175373941267,9.054440424583188
134.9338020447434,186.62629872799334
134.96369178615777,57.4932396098327
134.98887985795426,18.17395132534707
135.0666964926052,28.890662414147137
135.14979145287356,8.108677067502354
135.15825798523875,42.269994418814676
135.22868955437087,23.72055692943151
135.255962288941,185.72426292116887
135.2624749538345,284.54803359837143
135.47583351439786,59.123725813157854
135.60948486712496,56.79943235389335
135.61822517634673,177.04504728550316
135.89719616834816,173.1586292816601
135.90321681615293,175.6616872488132
135.95745058227988,38.24305376491084
135.96473635397544,13.553475683247035
135.97529112716117,55.86719836955266
136.56127519340808,65.1359817815571
136.7861365352925,1.0501496906738446
136.8615805462962,40.79581213125358
137.03698710121864,14.34474346643448
137.2296362355503,187.32792303997425
137.2758058632553,14.810119453472769
137.48500560626428,184.141857207531
137.5763490618861,55.96514313597886
137.63625264175525,33.44006303529504
137.88126110318186,74.46214596442464
137.95880893009186,272.1815823857349
138.00095545338837,287.6163211847007
138.20014907214744,286.67496701133393
138.58002451514392,56.204787444750316
138.7137006999343,40.53573187061203
138.7395529369123,55.35229831857582
138.77473999222624,40.043925984999554
138.7986738593061,196.1760389987496
138.80316836819745,55.86975658056738
138.82471083154329,63.384465765389805
138.89068669446763,183.05727843738742
138.97277436914814,162.45273764791327
139.01106261048417,9.370736606856841
139.03703656385812,53.08477824116295
139.0672159311277,7.63910421844469
139.49256607443303,1.6357543705256994
139.53731413427533,54.789522527253624
139.66863858865054,31.59943666036621
139.7319295897846,165.52876001694187
139.84144520331017,200.7779439771131
139.98522670033142,202.85716461503245
14.101993548043971,215.72255473122857
14.318019815122643,203.1099331606253
14.455491088849264,206.37925512291474
140.04233812188232,178.95630545906704
140.06267225855774,180.98346717932031
140.1795666827138,191.5310414545474
140.3829858392676,28.682970773099395
140.43226072304466,295.0232002213531
140.48665318528683,169.39616943528435
140.85176324520992,191.35241747611565
140.8978794964907,46.55441222011272
141.25443993062484,3.0867734164303986
141.71399495842,45.9416101312085
141.90546597944981,4.5920339284459235
142.16651424626713,188.4610739638799
142.22466116854966,32.29366372191393
142.31899922837744,3.980286179128189
142.32136930416982,25.85133804813547
142.34240044010312,45.69732654353791
142.37677457438744,18.44971466505489
142.3919553682204,155.53891162845787
142.4445852495672,282.6911491356746
142.45812231651513,286.7803412641346
142.65963683214858,33.902554566075786
142.68529125211882,43.42717071329524
142.7604165680245,203.324991440997
142.77940373630975,2.5065229355206045
142.8461401171567,22.097179337354994
142.87818271901213,292.26811925547906
142.9552078513468,67.32319820679446
143.09860025648064,67.2753945405752
143.19662445229162,169.91209441676972
143.26326281501193,172.66967012781976
143.3662796529633,2.8916141329842855
143.5666329634802,21.601275503837442
143.5729736864951,196.75808666921554
143.8921679699441,286.1449799316195
143.92831334890616,29.42112157383516
143.9906168845712,291.91173620260787
144.01025363376775,286.80724799822497
144.20465660358502,197.95511077947523
144.2342629428605,273.6474075897238
144.3056748333473,54.46486265210636
144.55146210132105,269.28419826263314
144.6724674383088,9.174830006769039
144.72261496658362,291.75314697331834
145.04927729953857,173.4280916969998
145.1705910293574,47.14739596970857
145.1884088874191,47.67968605612734
145.29970996700837,183.61870371461072
145.32269681481264,184.19843011194254
145.4511034969949,19.11605148600583
145.52688434995318,189.30778651847007
145.55899065787762,17.36188136288396
145.58807163686674,8.96102728435024
145.74949852436689,65.80842891069372
145.85670648286208,285.922671627482
145.88320746294076,179.8722281617834
146.04672565177685,37.57612862552647
146.20835368207662,16.308618252619514
146.50712361115126,179.4034871747202
146.54503606029562,192.2973682756682
146.6071411941183,35.08949227481533
146.63181018552524,179.30662701455407
146.86558444682308,59.77897205381347
146.96238045542336,52.45341895402734
147.08319858408123,197.82749367942336
147.1956643126533,286.78561704519757
147.21174280737932,60.470896313253576
147.22153259422277,173.67275441423547
147.2571698757033,26.02288527023412
147.43924413399262,41.81080176893538
147.44731262376868,38.57194267648909
147.46867400022342,32.727093765741444
147.48595320140268,196.19280845496698
147.49369023520023,164.2178108637046
147.5121645839029,36.87004040327084
147.51662022021827,22.580042987495876
147.67343570700524,184.97642994552973
147.76809091840667,182.10730471926482
147.84919218010583,53.78086146720468
147.95139881110003,7.184272943522487
148.0579565978472,198.1299359956313
148.28380537400503,30.92902085591152
148.31243796891027,29.298944309236212
148.47521254732163,17.983323990146296
148.48950133141304,194.57950050816316
148.60197603374678,46.92773448217789
148.6196813344819,203.86048291862392
148.67168998684258,40.631028378417376
148.6807129102251,18.112354279451537
148.8907992712384,65.07788142974718
148.90813617070341,184.27558096297727
148.94329249220385,181.94517178893977
148.99891522177538,157.92898282751293
149.18470404595215,21.26932927795137
149.2017323706345,78.20288536118727
149.52169315982147,269.3840497910688
149.73840777833925,19.959905996538552
149.93674510947585,9.74181568819663
149.95216526295744,203.7078014299674
15.380643807988623,42.526822527880505
15.52946755601442,90.61209011239154
15.545669633075208,208.92905222809276
15.74731831941234,57.13893653338208
15.983477635059927,50.83421500820606
150.08644224420587,190.75590201373058
150.12641073297948,271.94542908904765
150.15970484295744,286.53054529663234
150.25292744166623,61.502666090045025
150.32240320212978,50.89609693949491
150.41561499802734,63.19541521817302
150.49479088892065,56.90728680782263
150.6355798066003,276.92330458999476
150.6661184514151,292.70580160672023
150.67781388821544,269.73355401701775
150.73914649858798,22.784946784260196
150.8954121264422,168.36151070092342
151.077027569608,281.0664793820235
151.10650192865984,177.96481104234618
151.3055278082773,173.585285348843
151.31865017006757,36.25649776083115
151.49971000182634,63.241731521485505
151.55129470079856,160.35897197019116
151.7712962101059,25.226120611763974
151.793903999756,60.29899254283436
151.8692698565244,279.292300619225
152.03990973208843,189.97221761867178
152.05659642110953,180.4417850231607
152.2843189341667,61.47186059325182
152.2872938259168,156.39085877339033
152.29038250176202,45.05421521664794
152.31827744330235,178.1087463921051
152.34523743036797,37.526400792967074
152.38356699741385,63.85901137352113
152.43240548884444,174.56380821251386
152.78630716550578,58.33824033545792
153.15524456126576,163.60160906445083
153.17450591071676,161.0526520396268
153.18134566240636,169.28651653907312
153.28364326381117,148.71700203629172
153.5142345486594,278.71730552367615
153.73196029823782,180.07640546292754
153.75747759771977,30.49073960860223
153.84082117817132,72.71329240805505
153.9713913571237,207.59911563890748
154.00875746834674,30.27895777107755
154.02198138622558,203.30608382572177
154.22369278565094,273.5706755735704
154.4367815738455,54.027709508847636
154.460328168613,293.0793906650257
154.5844511499881,52.634556983887514
154.9691053860221,184.48162560860993
155.0691425857069,161.39207363750708
155.096652418828,158.42617904021654
155.1837665523387,61.53633592867803
155.34568920611275,193.34962961184337
155.3714998327258,69.77339202659937
155.37754244348278,173.05566095534908
155.46468083715837,61.60840027928026
155.5150255491899,162.0269627017863
155.5783679244455,174.052784266965
155.76571063455782,58.73990627315041
155.90425659605907,155.3323692097299
156.07999291889578,211.2095200906312
156.35606178856602,78.09015324336583
156.40166260146944,74.98956168786775
156.7292618848116,157.7735615782961
156.90946910311965,168.31005221016244
156.9917696172751,77.16128812065412
157.0464212878291,56.80617173652009
157.25575758558364,294.22040625093473
157.2848007090514,64.31894774902877
157.38222611535429,175.03554026329897
157.42421980903276,145.32335782627098
157.44765035653114,283.13134802521915
157.54280468439998,52.28608161617517
158.54414182790484,152.6371289468043
159.03248510145883,157.05583026564813
159.04730340604976,164.0814672847584
159.5932743014316,158.68764077374624
159.62850876306132,287.3350127053819
159.79736793189113,174.98432421780905
16.297524182052033,191.46734327973016
16.39900044956862,200.67547146925966
16.438166630004925,9.486337726782303
16.685728102489104,42.41543789660652
160.16052182756474,217.98804791488044
160.38950227441313,165.98009242787543
160.43250391749672,266.80655811740655
160.75334513771975,162.99966524783824
161.53328313323487,164.13138562962828
162.25047582380967,197.94394940446313
162.25679686222153,288.02495960260063
162.26711757471057,178.0588119098988
163.27000615344554,176.0960701754524
163.28560766214423,167.26087561815987
163.3933380356858,142.58656279423968
164.0261863874298,288.6198351218576
164.0431818145656,170.40639018991303
164.20563485811488,161.86877400489394
164.22174574752302,151.98604521049862
164.42062807065435,280.6695542057985
164.4539099470194,202.69288625417747
165.16275646636853,279.0194550058924
165.55407781090784,92.96029474178991
165.58485802457002,285.48657768171677
165.63595962026938,151.03025921986176
166.10384330902158,181.00565105511728
166.2606386274707,282.17843741423087
166.40347478713423,139.47601491725436
166.65823772851627,198.05349468191025
166.84607234812782,138.66769247538875
167.21760529132607,149.06745471839616
167.27214977331477,215.5699258711101
167.39019567158377,159.06087812875253
167.50543039690803,210.92848056512605
167.70117949003904,161.19742770694228
167.94050965134826,178.76734419078352
167.9582545273394,292.1902855346284
168.05196130309997,179.18695540802713
168.30513156136743,159.5776813323896
168.3108307935002,184.4973298562591
168.4155009287379,102.2561964054887
169.042041401209,161.2432966162032
169.2972387590994,285.77565395890235
17.0069989364387,201.6305767569328
17.120693217260445,210.15020449495884
17.21445188699975,202.4846472259708
17.767570894002663,43.00543882934487
170.4811746963854,285.75665125353146
170.82169541262374,192.15726056534226
171.41170831520617,214.0332814073328
171.4682592841138,194.81937352436015
171.59255384993705,291.7898268470393
172.00849590809622,176.41541432312863
172.36466754856403,165.2521122865073
172.81259350833074,169.54795375551285
172.8247709956977,151.222718308828
173.0195099806979,175.52724776797328
173.68873646323996,178.02856576863832
174.2075600881501,219.71507690066036
174.23667467794078,144.70370136837042
174.5917302917605,153.276300673037
174.6921286273292,148.31889352782318
175.17600287400256,279.20789275476886
175.21289233842992,147.33162526935342
175.22490301831112,153.6349056196753
175.28387274952766,288.9758632974977
175.64564066863701,161.09365223297607
175.66428294685298,218.16847532413067
175.74079982051734,266.17306760778416
175.7922262797457,137.42285944331516
175.8900352889161,262.3739091855516
176.1081141353376,215.89095805945706
176.22749657261016,145.9413105372193
176.31996401902947,163.59042338260065
176.33268098481926,198.96081435874072
176.37488901403458,176.58092337557227
176.45976999607868,204.48616568264455
176.69044205796976,113.1920267297771
176.73334633367705,275.33198573315576
176.83203014083227,160.7846955759885
176.913752011169,199.05801543268467
177.21361171787603,117.35182746317602
177.47698241443635,96.93171523047995
177.62835146013063,189.45008391633624
177.6337269293036,195.8039819549844
177.7392225543888,213.24307866398743
177.78668268653573,104.53784352309539
178.00704850036632,138.51120954004918
178.24341574621477,200.75825136804707
178.29635832644377,207.92567335118463
178.50766381741127,186.31270052673472
178.64604097616734,166.97934868758335
178.75864812912107,282.3738477778907
178.78088612816086,104.58449406342457
179.31772845323346,195.82044374479517
179.6561587387178,211.6061860956919
179.69727620677207,282.45750643847975
179.77657021506363,146.97110052438984
179.82775957769078,201.818456301696
179.92859603124862,209.94303090372824
18.052772647871826,50.325323162414236
18.26106281108683,113.36257553502946
18.460926503670112,197.94676333949275
18.535653575378507,215.0039919795791
18.70966688070173,198.86122411092737
18.828524816357934,35.32763198660244
180.34919486061062,187.01136339207216
180.4876236638193,133.73430941510858
180.61821146817496,274.7748581541761
181.0600204285352,183.65286495073877
181.76452839112815,195.86695361005076
181.77862266227388,192.6134218934806
182.0848189536211,97.43235040915783
182.1850968420378,214.0201121981192
182.2737615417855,135.58694142883843
182.3139828430655,88.881412775168
182.37766715620975,208.27391016088305
182.3883590204665,197.32264294363318
182.40631032021165,167.13322146865997
182.77493091427687,211.59184788505524
182.82962441552743,266.18047049133764
183.1208085935266,154.3618635951504
183.3890542620819,207.13645787219406
183.450745075719,188.02010087474534
183.46672022750914,208.5837054636982
183.72557685546934,182.66485713274088
183.90966218640102,278.64058439685067
184.21883140772454,144.24605212937252
184.48933577390198,194.37154889102214
184.61671589026147,266.9357157157692
184.63631074429244,271.232057945235
184.82978921563694,157.4153355728023
185.20740473370387,287.33149285769105
185.28334897226267,186.2472432337317
185.33629268639973,200.46359057209403
185.57393037938996,195.52895952757333
185.99515271716785,183.87937564026294
186.00084574887975,88.33363327822623
186.05225933642222,182.04258969806375
186.4519599623661,147.99143784286417
186.77412662943007,103.14924700349827
186.97567372541593,285.6983846791222
187.07224809641707,217.9254997213984
187.5226301541567,273.6980878107808
187.59477901511167,86.55063567194671
187.7519539153474,274.89860470081913
187.79917656063031,76.8192581447169
187.80530855609945,283.97065655586766
187.9429849744782,99.96346173704345
188.12971244375964,101.75006170851964
188.1597205724413,271.63471658822937
188.2301292840916,194.94881642114078
188.23211500199963,108.21567539194805
188.6682743489341,123.81580990414541
188.83454549892895,79.5237529973626
188.92843138775743,200.56099583115454
188.99368076683936,146.97773551748836
189.07383005616143,91.30055555186117
189.43603888541614,173.71305744309288
19.38543680932315,40.15833958599026
19.97261742715417,213.32751334368544
190.30595068290535,292.4664849812204
190.38303987029127,197.10141581990118
190.44853460630645,274.89670645611284
190.51221996028204,84.92357679352406
190.680829720899,77.9732071617984
190.79130558839265,171.57168273189967
190.796353529929,120.7480246986988
191.37421633161202,113.86739038097619
191.46152086074503,195.80620018482605
191.5030021573999,291.960702575921
191.53110408427654,216.32227588285298
191.60552508644892,106.92766204702593
191.7998123959903,266.4723780468466
192.09391962517878,169.76989457048342
192.2218336605427,114.37070668011867
192.35528195720235,86.27451369003525
192.37626820446084,195.5382392219508
192.50957554882228,139.84640482803454
192.66951946008413,274.77708326819027
193.14122566882702,104.1737553409031
193.14411756356276,216.84485379758465
193.3103649624411,287.02291681908804
193.36151819237966,194.8271436937256
193.44659961420692,84.52820621963004
193.46490299852954,89.59401235066765
193.50466524787038,271.9722767981047
193.54822476752187,86.64041106492813
193.63592573287858,285.44310260776024
193.79317150638803,202.56213793885132
193.86799844541497,96.04979677815209
194.0045976751547,115.9896035816064
194.57297931733186,93.9761292845943
194.73199867000707,87.39690605334627
195.23492769952622,101.91072156844413
195.36565858271314,283.17447386338785
195.38238092972685,220.08745305552816
195.45622173249345,92.34427139679246
195.50211737946424,92.46720679260164
195.6792677984261,292.60757768460536
195.68435452271166,110.37973467919383
195.69303465517345,208.23206555052866
195.70039104803675,84.40585142581136
195.9221186302871,196.15369999422933
195.95110564401017,282.37374410194974
196.2018229548472,204.46122359705393
196.2501392859135,90.73616308617385
196.2852428461206,178.01030997945267
196.30035487380076,283.67928361591595
196.49960393524697,193.30913680409236
196.6942423923461,295.09850466320063
196.74434746545853,125.57633101903147
196.99576667387828,204.58928607150668
197.0213793026501,87.8297699028159
197.27633759952502,115.81525009897192
197.43016108290794,122.11805772799026
197.56124326915662,291.9387255665235
197.6286827178238,217.43205949154367
198.1957956362692,101.2718918929979
198.36766413793654,106.24890935751925
198.45575437736363,21.399536461958323
198.5839460964648,208.79200121029245
199.04815754757524,188.5012337761322
199.1755982346971,90.23646361423565
199.24495425354698,85.0764428973817
199.2534164804777,119.29711966026825
199.31436047725148,19.242989662402763
199.36994722329678,93.41276202559226
199.56038199485536,22.839173936823578
199.78010933922593,284.02129065060785
199.83717245681564,35.76091386710717
199.996500525257,275.93881467968544
2.1306110161877196,222.62378240785458
20.223222661305268,201.5336347979769
20.465587341038677,30.50497769641233
20.61673302496967,195.68114715999346
20.808696348269752,220.97302455317165
200.05959860570917,210.3144999021449
200.09733685422526,87.94720969556353
200.1119007560304,117.14773506336263
200.27201712490225,26.272021750989232
200.27652793771514,295.0086497311052
200.40366147392191,281.9971854437088
200.51603400200608,103.58201834573396
200.84998513322694,204.99668140988314
200.8715603338554,288.4859354874907
200.9542595158107,88.26795537458008
201.02965647164604,44.963222105434
201.07998830912638,21.20598294922488
201.55669096053373,263.32838762762015
201.68379794730464,286.0769501267919
201.8077073311186,202.6724497764977
202.00044728022445,42.016386839615066
202.03489262354898,116.9973370568502
202.10093187156207,22.01140889680471
202.18635838212862,108.8575083705987
202.4073328475929,121.87657880312727
202.46318274910618,295.01925359099005
202.52040095626202,100.30481803670187
202.59338143957623,282.9684743637446
202.80821271752228,263.55184729571516
202.95162848901438,91.78418424812122
203.22014939740626,47.84600769808635
203.28855769182996,110.34367445116172
203.29323798074546,55.05472796418702
203.33660894137014,102.65654402807249
203.35144253480144,23.769863412956767
203.3931637587112,115.26786616794666
203.42122123505638,99.91821190638161
203.76452111686976,291.53453081685484
203.81544916305995,13.302229708031355
203.95376933038554,18.49122259075575
204.4787741783619,23.440736650649246
204.5248807043047,296.0638840195436
204.53663936369207,118.555858640915
204.6068069879194,97.76929338600907
204.831381368643,292.86607858926334
204.91671995508187,20.073066380531476
204.9906431514521,293.7685861284854
205.08515415361663,30.55172654430367
205.52761501230972,283.3948143708863
205.5493705438529,277.51543081892436
205.55198640711203,90.44724276937679
205.83633299661625,277.4890342101055
206.00898577061224,95.70024416429837
206.33440475119318,104.74923324705023
206.33576231712894,39.64224413024951
206.68568866846647,119.1622392788237
207.03209929756935,281.3286254525206
207.0406667131971,279.4842440214612
207.29957683866874,99.2120740871762
207.61769951541694,109.7808231083781
207.6811473607966,110.08000891765484
207.72606765006296,28.835072125437897
207.83514586571061,113.16570739143773
207.95095270622375,291.453748874679
208.4066087027081,8.821726652259137
208.47286378776522,266.9862471032276
209.36307770106197,281.61823582136213
209.3964549894965,100.19830829025877
209.49193574842994,277.32633936205383
209.82511822552425,295.54872674529923
21.658016778883137,291.7511981031064
21.6888875896245,92.73437037239015
21.879637203837145,208.03511652266496
21.926353898614327,107.88792110618
210.04303838897673,34.46005057053277
210.096307398774,98.04785182618687
210.12774475518404,272.8999137157605
210.18685349401406,102.09597664843992
210.18931969328585,103.8678669585575
210.30639413283464,85.90078638223693
210.57821660881672,273.06257857985406
210.6272883149155,121.47852842288921
210.63647512499824,33.35768495076863
210.68631187859523,45.01373006513131
210.80165098336255,84.46442554076029
210.92510242620898,43.10950909371259
211.0184900290534,26.70600266323214
211.11453004732172,113.26086708618551
211.2080193055663,287.4359402358789
211.30661900196415,13.686607616373326
211.67294484934718,103.58391208172696
211.8120150388854,290.2940813155701
211.90504275357011,105.28491398818154
211.9648426179457,9.313245178849094
212.07350057041543,102.68936268297186
212.08321760724257,290.14814276768516
212.090695921374,25.33652151126439
212.12287381784745,104.1999461442286
212.1609974721919,283.46576775229187
212.18128065380952,36.405292681689495
212.46522756213943,111.34966166370978
213.35306618942252,90.64637763516764
213.44690341815019,109.81545939680878
213.59236089911354,289.26495210589775
213.7559826770801,91.3772619961666
213.75770806528166,288.0806554700128
213.77499417828327,36.692713491691535
213.83297190041787,16.195541636524844
213.8822844533981,111.3136010563749
213.96552148627276,282.6773054803284
214.3076001349405,262.95859562082296
214.54944740190464,118.5326540541586
214.65727553576608,41.381850857011564
214.80077095004094,106.50355208351506
214.82338835423798,284.0720581754762
215.03935798665094,47.95036148268939
215.28501701768948,23.579711374654607
215.3556134670892,14.541937015835032
215.50647650358619,98.37068646030038
215.58457919782626,291.98358928376064
215.6260852865891,107.96895504026313
215.80606835233837,49.555242799340775
215.9262981657334,99.8303095594102
215.98796869141532,275.34823390081266
216.04753337097844,278.94940355882653
216.18157549040237,264.1829235324906
216.25705238891874,97.02005951224817
216.51526318353876,93.3159520935647
216.68352823577226,1.3019110990952143
216.72024103643287,57.52749966692072
216.92302348420213,14.223523914000802
217.27634124925166,294.01102556286025
217.33222637789538,119.99749369792363
217.37898894640762,39.91662292483351
217.5852522323905,121.64851280500108
217.6870328834679,37.991151762292034
217.89571467692028,268.1906425431238
218.16988330464466,20.361740054709365
218.29180413012583,93.976446653634
218.3976680204851,97.74138053103157
218.4162788182354,274.0929413852607
218.55654785366795,90.50262241318829
218.63357961961452,15.110416298670232
218.9150651372118,111.65045471287847
218.93836388196235,287.485925341533
219.2242507294051,48.81964999976422
219.43196207523914,113.97422079731807
219.96497819043674,103.21158207084741
22.161028943631862,44.36543627713071
22.639558983913645,208.693088217212
22.95747754555895,93.98521380467805
220.2425561806768,24.404748130235944
220.3734303548621,100.89034101456124
220.38459942654052,39.01779112027603
221.2162975934851,105.6739318701071
221.45549397967392,275.61505909148417
221.6206327593363,44.87947555704214
221.67168874404854,279.14039734453746
221.73063309327185,31.037146883718556
221.80164504595376,277.88882064467566
221.84268773546455,59.567394106561636
221.92283398219877,89.69661436151827
222.13442768592267,34.39094022929696
222.1823441961005,105.48817506910729
222.45391834082272,8.671449189744955
222.49942719419946,55.15841716913273
222.67237209614066,11.932730994560227
222.83536532583244,84.11619766549475
222.86539767082542,289.75872265707835
223.19368026431908,96.36128065136043
223.30504823087784,270.1050767998409
223.30977264063262,277.5937520429554
223.3562571897936,113.81435588876909
223.35803207168627,272.94045096858605
223.4094044540129,106.949066220193
223.45184198939228,296.97586440087036
223.6084660293033,95.37241996259667
223.6945991270805,4.0601250859723255
223.99950161687673,102.82106560823799
224.1202522228558,114.96155113792686
224.38517645157685,97.95611262122715
224.70076914236233,293.041322924181
224.7635470404147,2.5333370326127103
225.12458891981493,294.8534084377481
225.69971751337718,291.5881197480266
225.79051259408385,95.26774144446573
227.03447374617153,279.9118127854586
227.86208863208353,88.9653453453445
229.13222161374608,94.46055756677741
229.5017398913788,10.26093552893103
229.65948109987175,98.87535900891363
229.68383751652624,30.114644705901885
23.362338642153514,285.9510856708835
23.787191445743886,289.13622019799504
23.884041711532706,200.1629612394745
23.920714999070896,35.893792813392935
230.24194987195378,285.0180461404236
230.61144016523195,289.94542012570423
230.86705418979727,45.72242514757331
230.8737235913616,40.32920330007591
231.07262885211762,94.61654636589257
231.19676246574696,116.42484581941392
231.28057419941678,28.884431279778532
231.36817580034364,285.14361302532046
233.17203413148738,285.1219296094556
233.43625116357597,283.4710708715561
233.7363920993907,277.79809685537145
233.82930215651928,18.667311059304964
234.12286619776143,297.27969576244584
234.38376671091882,275.8941843015752
234.54540523239112,27.443111947598
234.65263437894,110.3380645339937
234.8424011883303,43.06412521790955
234.88284276158643,293.4218763154525
234.89108008841646,31.540259029098923
234.96944146015727,42.21408554248397
235.1591020017485,16.62017491420005
235.98489943515673,117.41543357870012
236.15758158365995,49.54830329882798
236.48278880435106,18.59390870250138
236.91791926879856,12.461573950085977
236.954560355129,24.408827607380086
237.67344698961702,42.616024737005745
237.74726795486674,9.124360019660205
238.33000178788004,24.75491927519666
238.37923810291653,283.3116780289193
238.93783775297496,281.8880221573746
239.06437403979376,7.619235017984048
239.2150996692579,36.92928976942663
239.38360737831118,60.59461624888279
239.44499495565896,4.8773220608307355
239.6179351205169,42.75900276060688
239.68203008006364,17.285412107885893
24.359657537703438,210.2361646854728
24.429593272554136,41.68826925694337
24.586792226597147,295.88503556509204
24.587355833219306,151.2134158758088
24.905736797226076,286.04766114836247
240.34833516782084,57.01961545263242
240.70238995943737,56.368541260657906
240.81733889464545,30.382401754832653
241.85600959688955,7.404362616265738
242.35678259914044,62.405758860474
242.44774471041376,40.309975794640565
242.69546895547154,274.77846632319347
242.70143011252742,294.9628133432743
243.12452045005466,26.609723193015085
244.07082797709293,14.93822552424479
244.25624636870828,27.152097362396876
246.69128754430855,36.17106302542904
246.70384602107728,15.859537158492117
246.85951947324938,9.60186968754133
247.3182723658881,6.914359333267168
247.37876339813008,14.02070660415987
247.89828239201617,7.37009241020961
248.59765000408413,44.146595213169725
25.074344826312355,146.54491251451014
25.356397629239623,282.2558189654244
25.44828182149021,208.18133321934815
250.10628072905973,33.30296965972374
250.12360884097473,22.854065848875816
251.03200201858965,43.150849232674204
251.10586473758627,53.83663909196629
251.9479841589195,41.237820277060656
254.61660502592613,35.05244343585224
254.99689339327432,14.61228749064395
255.04315942875917,60.477743906919414
256.2596857381195,16.37451301377986
256.5370601063057,52.67514155580731
256.9328721301416,22.858460036228152
257.9306471105775,20.845841125801414
258.05091439876355,1.87009494663776
26.470484221535337,264.7192946595601
260.05041164766067,25.442490192690734
260.36009089881225,38.007919529474094
261.08809386556175,203.48530484006147
261.2364037125135,191.17834581566524
262.36127092682256,195.83322927828397
263.88601165076716,180.42800957691497
264.3223088425366,172.43279420707952
264.78412498058356,189.3801427773059
266.1942488408013,176.5321168685232
266.3171846720922,190.37434639357178
267.3360213832806,202.26294441301704
267.41760479454416,186.155239646816
268.0108565581831,211.38548982970065
268.2872766817959,199.30040956326224
268.3426086934892,178.4796115386588
268.7782764990583,185.14971470458391
268.9696232767099,177.17108254399184
269.0086433436015,194.7440675645753
269.3690529659973,202.50869601865054
269.48822604283,204.13669051180239
269.7765704442046,227.1391575563818
27.0158919293899,273.3255339538157
27.38487796234426,203.6546014002913
27.706811792525546,93.36893973270713
27.95351721619339,275.11103654511965
270.094280842887,199.09687774571708
270.1795030782437,162.6857378974779
270.34013517597634,179.08298076549136
270.52080895304397,185.76896252224302
270.80951983520373,171.43293349589874
271.8382123158638,191.29336403156316
271.99870528938635,191.30493178522192
273.14733289344036,201.6335331167892
274.01746556133304,168.34798426975598
274.21046745783275,175.76473678125893
275.0309051519056,192.98641852952971
275.7709338342737,170.7805490300059
276.11740799543725,83.83889095567216
276.8985625594895,196.88653072667884
277.36928898297697,217.75278226535949
277.95161284837303,201.20181026475805
277.9852632187531,76.10080130278372
278.68784600940717,64.65273792394925
278.7160323955857,208.004444277825
278.9957968554221,161.90337389014212
279.0096730132087,219.05264081181204
279.0198931199949,195.11353408116986
279.17044587704277,83.71135260339167
279.21061582991575,205.08796917297047
279.2928616493367,213.94689732985145
279.320617306793,219.1092158953707
279.5295758455094,189.04760911932925
279.67644952504986,73.26779585217477
279.6783379356952,184.57806322659758
279.8548519994015,95.50078703614949
28.396345643715364,105.47166956628082
28.534645543463977,273.00048140162426
28.64498303658612,265.6267064807412
280.03547515890335,159.79555151065912
280.1363082344127,88.86031598763672
280.3930087965566,169.28774717373187
280.40019062833346,184.79851606009333
280.40835162418614,100.11009941463671
280.5461598913018,191.9142353609867
280.8309949349453,220.69054691659588
280.90199435633343,95.37706324034703
281.0779832235104,90.25803236949369
281.15685949911335,82.87036740969148
281.7616944932014,74.6935911997344
281.96446074412165,199.56300158696155
282.12890961504246,225.7164944089987
282.26358651720403,78.15603643718096
282.578018672256,83.80648645192818
283.13308361070153,197.57076937140062
283.16323070128175,218.99201611756692
283.29037803807523,171.60952231491018
283.86697069198965,175.79735836164917
284.1389906628052,156.7435979974948
284.6759326419407,62.3371771728283
285.0570724154905,177.70633403415877
285.28201871673366,95.08346967440885
285.5158042508002,92.30324172387618
285.90749220372095,219.42125606497027
286.03808862088823,68.37837011413711
286.0632681514232,79.13097865274688
286.24353142696253,182.26458434439908
286.41640811299754,87.10545826382543
286.5674884894229,221.42131206528023
286.69685890731967,74.15254407267508
286.7469700634541,177.42999839950573
286.8672580364621,97.9591833629046
286.959669288758,163.10886496051705
286.979701228329,55.63676999547338
286.98224198525884,66.80716286703864
287.06504255490796,85.90467379857463
287.63860960158854,53.44199878608818
288.0202727719702,181.7032379013876
288.0358363371968,79.64992540825936
288.23783948571855,207.57559870706035
288.27678632754595,72.47056876873752
288.34259207100837,159.3957319663148
288.58137456615367,101.03822385661533
288.67818395665574,175.47759884382788
288.9231309237153,62.81387798374542
289.085664707301,80.643246274894
289.241292048647,167.98095243230154
289.54102538187954,64.44482963917729
289.9598473935458,84.46168164482904
29.816891753405425,2.7761686190898676
290.13184051589707,70.00910710200573
290.1446562823003,80.87430829961166
290.4102642637426,223.1143760150857
290.71615178942153,230.40163402367
290.94303821378224,176.96846118373895
291.07255106282264,73.36948586986108
291.480665430774,65.59718083017452
291.5359133049084,89.83033762570354
291.6194069819897,79.76247608688422
291.7532401609076,164.50508989170567
292.1871513770816,53.79823162078594
292.2145978679848,80.5063018508733
292.2945667774984,87.47803535972224
292.3665827350753,56.3648251509658
292.7414809177423,59.274224073256036
292.9240539687781,89.23881757875554
292.97576360479417,208.07799697687796
293.0237125435699,202.99058206910235
293.29683920886725,213.73162825538492
293.3272878328533,72.75037397132664
293.6500776331656,73.93359941706186
293.9141787938863,76.02164333043416
293.97606993571213,208.4968655141969
294.6842530020015,222.06035017643376
294.6993155565574,69.02910700898933
295.24795913577026,80.67021993626956
296.31703045569026,181.35372966738768
296.3229678095827,81.95738601000332
296.5789769570721,102.40098435613024
296.78680504624737,59.66799011022734
296.82065801870067,57.1671582109381
297.0805159822642,91.63944935233857
297.56872357405786,67.79382942149931
297.86067645159306,79.93373006022463
297.9071900202446,168.42820732138787
297.9986491700232,65.08951656207574
298.0831493718544,78.95225403007191
298.35045625980075,52.531482237043946
298.8371557918621,56.601727452148126
299.06774641381725,53.45906896123083
299.1563168701217,68.78209862107386
299.38021365370406,93.12368692597131
299.48351611844527,201.5015188541027
299.49060801165547,69.48874122799431
299.6766537832791,216.73720488523963
299.7176340630538,68.5492931654679
299.87335804696716,57.90984190024681
3.3835210677577354,231.76177422055122
3.453991823538578,190.76265506017427
30.161914187560242,255.1637542918161
30.316803744685735,159.90647987034862
30.552297346123186,94.64049523522634
30.612492893967747,255.728033537295
30.920460391734398,288.64831601250137
300.29039555201496,91.67915907758675
300.6105581908683,89.69476029977601
300.67658325782764,86.04178443144642
300.68582089781086,72.52448372969269
300.90707558318275,57.60542021056244
300.91059487720753,216.1716468620108
301.36418911320715,104.59597197891802
301.6447947083377,225.469490809792
301.7398725301385,100.8403782877898
301.743805013259,83.10121837339712
302.17540171066355,163.20403186748112
302.1940253355705,192.71088072278556
302.2307265264459,56.61192866302827
302.7594455338412,103.05140479837813
302.79691085460183,81.28905567660996
303.28184230084497,81.94980484267037
303.46432260311127,190.5464825591818
304.0346576818446,75.68053151029856
304.2504723290153,221.52671930812042
304.3707897595654,80.41674653235269
304.52585110332046,58.167581058495614
304.6189879376717,68.83796579608004
304.6887937381112,74.86125457539578
305.1773962270295,100.2985191488467
305.4951112232522,53.12106505222401
306.20477382647067,93.66935780467183
306.22060749377556,69.9046359898002
306.3456282181606,81.1233081873678
306.55386297273793,195.85622693714686
307.4198616541686,72.26418127915123
307.62499661404945,98.17908681130798
307.71947102612495,60.710627849675355
307.76498286139207,69.728007432938
308.00886419459016,90.15571895018422
308.1190723898983,89.21755422108824
308.2257418662288,214.21762925219105
308.4542402329532,90.99058569826465
308.6907931215024,64.63795415223677
309.21925718912024,66.4521366320196
309.7750147640031,70.31559297855992
309.81864090538494,74.37445634238058
309.91149799727515,218.12758293892642
31.319719752038893,87.9904412518379
31.534976633712745,266.71312585280896
310.115905192667,13.100924445748436
310.36002822989377,95.27495661757162
311.0097362245836,91.98923320849133
311.0727531624463,97.74148170614691
311.30585987866317,71.97852043664892
311.4953654501435,66.74995447898036
311.5860319679905,96.97856829109969
312.4445518320017,102.12292519864667
313.0888398990003,173.6962770554912
313.0932853378931,191.92465789246035
313.6942198260798,57.239998885107525
313.80456355947086,95.30823996340418
313.9699444359392,186.9870836453488
314.50021532622895,187.88387684087448
314.51242403685177,50.52315220043992
314.52524762598586,87.34806591442621
314.60625091836647,188.99485060667175
314.84974202530964,188.22999100380764
315.75246284667026,102.86451481013849
316.0264181194373,14.447997293910113
316.1092266787224,89.59702551257149
316.5805237602255,88.20668281500217
317.145047170126,67.2487555333241
318.1637918951503,57.79498235431006
318.16818842906247,84.0187021838244
318.5171437295364,206.50470613619515
318.593412660671,217.9467854386137
318.60808435252244,56.46184973296978
318.78079071323265,284.0686087787175
318.86216992600856,83.40708828015347
318.90616284151554,183.54745133673953
319.65343772228965,196.9882184219585
32.37506457254851,86.68765556588696
32.519967684499576,144.63176397476232
32.855729126276266,264.5589359430115
320.02296639321736,104.2141989727116
320.3507487254083,59.019396717351285
320.46731128878224,201.51311064467228
320.517339167782,212.59575447035485
320.7238182920129,67.0570184081025
320.7477547461284,91.68300570765375
320.96604660053913,81.2882435521961
321.06356122371506,97.74652542067139
321.36829631848406,272.0950222477835
321.6884519566035,186.70479268762855
321.7846834369355,188.44835999965042
321.8691998927985,192.55076770171382
321.93767592414673,107.5132780989579
322.24590353972,95.7501731599599
322.26265670434395,192.95580112270846
322.3210446980984,284.12290726010855
322.4661307802572,270.12530898975683
322.52778858423153,100.94195333948181
322.6592209885172,189.78418068229658
322.7854616640858,55.33528992121941
323.0412348488412,11.913839810199299
323.3861039119114,196.7727630696351
323.5961621463027,56.48315528492381
323.6497049763917,69.77897891840773
324.05209607976707,83.42194805361164
324.51943479739873,203.76493836913286
324.6856017819489,184.9223558298719
324.7601326363023,88.55584499122082
325.07324694126385,95.44914348281164
325.35635239568404,85.8018384063322
325.76460481872664,189.4182851707308
325.9371261794356,83.44376136755845
325.97542903456934,176.51830289731856
326.1524599177688,286.00505220390903
326.1806187895898,12.665860914414122
326.18965903924027,86.86235579263348
326.3885050551627,3.817375874118616
326.5885707527428,200.29047231840605
326.67591984606554,80.6990312963298
327.201875631295,19.51660693676077
327.401549629072,67.57476638909174
327.5079382020138,204.32987228047213
327.5243797810217,62.04975293247892
327.6250279750374,9.715819425844337
327.6853163001017,79.88748770521366
327.9854079272276,180.55311222478755
328.12370472302445,93.1174920433387
328.1566732864994,183.37728375676178
328.2420306900876,9.212798754196795
328.4060236335749,11.81993151671227
328.4642746426749,192.49638955179904
328.77194035915835,91.20573747246758
328.9404003170066,272.9037023843428
328.9749782460853,97.20718177798275
329.0570509967979,21.148888363978795
329.1105319971529,178.7110789308653
329.3272603444201,287.2545251988425
329.5930207004471,272.42155993825105
329.59706786828787,80.05455625487697
329.6414431313464,54.31633867920935
329.7094207017246,65.41295717663823
329.8350350298542,73.72405719283701
329.8669310978399,5.725642214241475
329.96245081168047,10.73184072662634
33.13774520724038,158.79199537423685
33.333237449363075,104.54769246431354
33.55405140261685,259.17634724560446
33.979765775695995,65.15220917392726
330.21922156265305,78.67103983438909
330.306980330775,187.5709748056891
330.63004349209535,81.30419582124337
330.6875444031439,3.7900780218235557
330.7416486553631,4.187022503637927
330.80487964727206,102.04738979672587
331.3652826132224,177.3270362800373
331.39615408124905,179.64680333148257
331.6572639339263,12.496699033403665
331.68101057736527,60.009991168370945
331.77821940970966,84.32940405110092
331.8265459202173,197.62176620896093
331.91457091055037,105.01241707635057
333.0325979771929,24.60247343295538
333.21364482287316,67.78933781158948
333.2564271631734,14.582042227291142
333.5227719020379,21.93736088640917
333.6870518218246,82.39712008505927
333.7527910266674,20.333999446419607
334.0511867259688,176.3883137872275
334.1018338136032,274.41167684945935
334.1333353925493,106.95056369602702
334.45447657982305,13.41070581989939
335.65025954583865,78.6593815720187
335.8771877370048,184.91462911644507
335.9305651783878,91.02688369747189
336.25835746563945,15.675135235761077
336.4164861454916,176.75825597198093
336.4602512614718,277.68230906882786
337.0515884479041,73.67532091268947
337.12022582819884,78.47570966001888
337.3078775017,192.88365337732927
337.35886851444076,24.167714530321305
337.41226679398727,75.05486334372999
337.56513723836565,190.17533654352482
337.66080321744266,82.7038120809173
337.7537013475984,270.7273275770132
338.03956381556793,270.7121286649757
338.18461943803936,69.55974868007897
338.3014489446555,3.2099976843839304
338.33208560534376,85.67293190217843
339.3447766822487,69.9660896203748
339.5656283786957,72.6620428176637
339.673160582058,86.55373201886962
34.11677333425202,278.25972432447765
34.61889056239339,41.7992987053132
34.75104053221847,144.78541849946822
34.775244893883006,144.8754062566226
340.1195543386262,22.67404607291596
340.1257003789216,5.376616864903955
340.15291232118494,286.9402665105729
340.4942989440895,26.10115374492951
341.128406011819,73.12476735155545
341.15114569079384,71.97510443456498
341.4251415259412,63.15993859748118
341.5568457132295,276.5784690670608
341.72234445012964,9.8217022834858
341.74142989806774,0.7106478319990437
341.75060955852973,71.3611188678152
341.81354902263087,21.579290793724248
342.0732057188019,280.3023565076967
342.99726335018465,25.844310047838928
343.6850900471504,88.01471145611636
344.0175040838096,6.851397286875912
344.24056683119863,4.927094054660326
344.28016515628536,10.560384638728248
344.39237805954457,270.3840379589844
345.46976179670236,15.231083998591782
345.52866775550916,22.404681443510263
345.61395137337746,4.146140524689805
346.30731189790623,13.47616492335008
346.34464368638123,96.17443038953711
346.62381711208957,278.15825698966046
346.90914820076284,1.7462216557571217
347.1675077787928,23.414977690442953
347.40704551011845,286.9582689264598
347.4292337050459,11.440194263561782
348.35706798857973,15.331435238541403
349.1802450718964,15.086833141283002
349.3934702227229,8.354892240649551
349.6835140851431,13.846777588374128
35.47919612366771,238.74208180661063
35.99090857853776,136.76909747778046
350.39543932003477,1.8765464695037934
350.7590780999181,291.1246856970712
350.9403515763881,15.481650159297207
351.33432883254113,279.77533966507696
351.992106368448,14.820137891391429
352.130792884855,9.181970108190278
352.1825508304369,273.22101053833904
352.7422022127224,17.41971395113272
354.5576124715576,2.8478433800313177
355.5270266599307,13.303956609630106
355.55839225186435,285.8138517784902
355.6052120979709,294.32055117585935
356.01262722549484,291.9424871669411
358.4776131423615,59.462520688685366
359.76522682554474,8.279915413810286
359.93427815574347,81.31485854288489
36.0646577803749,276.6594663461502
36.11326322174585,264.94364253453193
36.22891999795149,34.34553270288271
36.23880966135282,74.59935566518178
36.83301739478197,173.91444217230855
360.31250861182605,64.82420161036752
360.833725316241,50.318738501612955
361.3712455800571,71.19915972763258
361.4158314164008,51.29327764262482
361.67163185355554,0.6894121675526375
361.7050222401201,39.707875870728
361.7597449134513,22.219454578500095
362.40773862971344,5.147564784101917
362.42710484703514,287.9288341713155
362.67335248314754,57.44264149180897
362.67838371252805,47.20046379855158
362.7687997783169,50.164649290149775
363.5726586050003,39.222436306378306
363.73218376500154,17.85345436182787
363.74498951156147,289.2830791759435
364.13420138746034,41.93639249434644
364.19041812029684,37.41800828928985
364.3982331062656,4.262761530616361
364.43558496673967,272.0036745184809
364.6565875263585,37.19993986834394
364.7807041508321,290.859624185584
364.8223707417006,7.472600108326402
365.17532202549336,1.0168449671248307
365.3616427238574,58.60570215499237
365.43946390818695,57.50135075455741
365.5196179755252,65.39377142951871
365.67912023238625,267.79602548133136
365.7471124799296,48.20303395031156
365.90201510049405,0.6167326719344732
366.1417744255643,32.936763545461424
366.47948432766617,52.4959511869629
366.5224237716059,279.75178303351123
366.783811039619,69.29957161183117
367.21535056457395,71.98481991702718
367.4856441028359,64.21729245372998
367.6366710464206,5.060841026879126
367.63818141512087,35.8826339339935
367.87285149400304,92.34477863599366
367.9813002344868,203.5509493629063
368.0084406708136,283.65680229542824
368.03759884109473,48.10543297660236
368.0831720422962,11.416716772278722
368.10882866778735,5.054002835731676
368.539546323435,32.901816810269644
368.541852857716,69.91461587034243
368.82786774000255,11.58693122139168
369.3221115667388,203.88246365727878
37.127867830387835,297.2221404457168
37.25051178209771,282.17844670663953
37.473259497535786,72.43044596509503
37.5776803213156,239.39575940314643
37.86194710504442,240.71122800537964
370.88280650907797,233.95357083401183
371.0923586588597,293.7601311007543
371.19417106946304,51.91895693441039
371.21492465732587,82.51209834523704
371.40353444698115,272.31014505732594
371.5293746303759,47.438800762940915
372.1744087555537,35.48157953683134
372.2242106724499,6.859016871260829
372.2805367189635,87.11166947073389
372.35777209147835,44.26749016455908
372.71104607034465,64.79508419826952
372.77950070336607,282.1803186585802
372.82507182880295,277.99775928948105
372.83299960071304,211.77148655502432
372.86852421685455,67.98395459438944
372.8940359918846,48.91382528127602
372.93841237680726,221.82161329414507
373.27603007018615,39.879645887082
373.39569948023853,46.0945815739171
373.5195925026618,73.9579071009464
374.2898569922647,55.87676551850414
374.3784741969985,81.16447746113327
374.4411979537622,213.2066688175326
374.5075295811276,203.58030285382728
374.5599914122882,213.390971936883
374.5880883254302,66.4954211303242
374.6371845907326,221.03989444984262
375.01913975189956,56.38646911801799
375.12208677837395,78.03368298178744
375.28075519312097,86.92966072612973
375.46031891267035,38.16934702010888
375.6084195359044,11.628737648762066
375.85409690513376,59.13231966648482
375.96805422638835,213.54872738959804
376.11291550997515,216.79209129400098
376.1204168844924,214.27791286805015
376.18806652450616,285.13275020736626
376.1897453139223,0.228559242738406
376.3215527129232,36.709882487160854
376.33200853168415,59.469581776385866
376.39695571903195,210.43818318175087
376.9767861926224,48.98886736572542
377.1466553119843,91.19135543088069
377.31581804199254,206.6875623039809
377.5312329467634,228.4627057859734
377.55499338526295,44.70903522829988
377.609763078148,9.550409224129847
377.6099325965517,276.0414129459341
377.8003823373133,55.81773368662784
377.8069987872643,197.2137752372907
377.88994304078915,285.21602026571395
378.0593760152924,41.07833354124892
378.3736043266492,41.45420283121305
378.6912034521678,232.47228316897127
379.14577671854863,67.62460116862796
379.19239652967565,69.59735140545735
379.4708286455356,57.480158833138574
379.6121528201705,230.17395194997403
379.7132039674205,284.4140689204555
379.8123352136349,66.67350006971967
38.01635649068651,15.273222957154658
38.09117472932987,264.8128655019435
38.27121794460601,3.422111274161651
38.81236283709366,82.77504736404788
380.27616485213986,215.60992670770847
380.376860091773,224.01297370154398
380.4249974501382,88.93241482623492
380.6363201382806,60.48321657576987
380.701800234477,284.91805620158055
380.79235351701067,48.06913030373393
380.79325698398793,213.94321198679162
380.8078258930517,52.369681740953254
381.14478022874744,65.90839032275511
381.2083893759599,56.86202525883277
381.28547507560745,45.542910147651774
381.46784091947944,74.52334647318477
381.88888187633114,38.79920006386577
381.9937116427684,62.29184128503402
382.1114937541657,54.549577476594216
382.22682568001596,48.74449149517103
382.29049094685297,231.04382123578625
382.4590262203872,36.62727082699742
382.6053597800305,77.59070144370538
382.7246771120916,194.40189603221634
382.99829950697574,226.59434016699984
383.3250096409234,39.86227266759782
384.0798085618013,44.55385989192921
384.51941336808335,206.02252442652892
384.6064633004777,223.7111433123498
384.73291938858335,287.9873625264184
385.13512931539026,73.40919667966305
385.15179516293944,66.01379507140135
385.18125504909955,205.31645678075955
385.2311452408517,219.08227009609084
385.30824522486796,231.22429874151211
385.39070972044084,45.25900071436901
385.5246864242882,85.83704946037068
385.6682020656453,91.97384652628317
385.8809894727504,214.2508827057001
385.9671352010456,59.00885207540779
386.1071992142101,220.88543379428555
386.1477160494468,72.67134053545604
386.14845212614296,71.5490458089134
386.2608480304945,276.163252966063
386.4181778094458,57.40379782742481
386.586033455511,214.96865294957848
386.9632770263688,68.86581006215692
387.1835254060364,87.36273542711278
387.1964789302853,225.67188478353995
387.4311478089943,45.677333283756205
387.80231710643596,46.327075317096615
388.3934662589165,212.5658691090556
388.58303587145156,223.36260671806096
388.65978474493414,78.53989654498358
388.67147258679825,54.64737083755969
388.79606540362226,61.85071788346412
389.54499029863103,234.20721168451485
389.55666465281337,216.1466587703425
389.5828755004384,211.41711885936695
389.59223744701023,216.72492612058608
389.87918496626963,80.51282254688365
39.00864012926697,270.1607252788714
39.11050605519531,146.95759246470925
39.26981308873121,262.8131233356741
39.273039853285944,289.42288252121494
39.619098333094264,287.4264795938777
39.65793148568134,243.8351392866794
39.91158041905945,275.3166570927556
390.07381187344834,210.42547995895134
390.81438546865604,60.28616729188941
391.2181797057845,65.61222876414385
391.51541593650336,73.77770782268789
391.9527188601072,290.32951930286754
391.9850790888447,90.51512924385382
392.22233671614043,49.509700757208606
392.2385121366956,192.11239691665094
392.3671766399028,78.96561125072093
392.7667961834997,65.60561746901033
393.2518183287833,77.2253770889816
393.9649911339199,53.609645151286024
393.9964251507246,292.1325739955233
394.02735095839387,46.93221361879101
394.09187490239333,47.84723492789128
394.15830463124286,53.55867296609022
394.198220018024,281.35092560482036
394.2871223053335,221.61708146259357
394.29967826329056,49.20762431323246
394.3549902826183,49.90379141982022
394.5418556605429,42.21379720168527
395.08567385087633,77.24323105653387
395.228717455382,277.1824547819226
395.40430522217264,274.64434321729476
395.47811334321017,54.76272874095399
396.0830966274783,233.00785377629862
396.17716871783637,284.25971800909593
396.38953525808785,286.2808654922378
396.409679026217,90.51159548284984
396.6135294268638,186.83367148799167
396.66832985920547,50.00311609450543
396.6749903316851,58.22965230378588
396.78654327605295,199.43225782307496
396.98729963472186,76.21160568975972
397.70527840244125,60.09815637525498
397.82765146332986,61.32928876650497
397.88341506201056,36.00120878779302
398.01224956298654,88.98788500355406
398.53838535263503,41.85454571905968
398.6068396457765,37.855082136721556
398.72497767020246,273.8122689691189
399.18352989211724,39.54922018421991
399.34388664397443,286.2882611179748
399.60375065280033,59.012903752832315
399.818696672078,181.172185773916
399.93123767903404,282.22763180956554
4.316771216260475,194.61439204068816
4.475415032283989,194.15513324076025
4.576678686314498,207.1837857640329
4.772223598093824,212.72326378566962
40.09625166000129,132.1022214067235
40.44017075983072,260.01858439879237
40.69568269380619,151.13725912622337
40.93826181158859,253.13683096390432
400.01308014958175,47.55481755275174
400.41692654223016,54.29809245033467
400.4369249823565,232.0687777681269
400.5973721138549,281.791738108135
400.6550606567652,77.6208280278363
400.803570707605,81.48157953265988
400.8270027747097,182.69846070127332
401.0861946543341,48.75935019637094
401.1929348308061,72.346740121971
401.3078443296979,220.99405744656056
401.76976862517785,66.34093046071149
401.83447750601647,68.52973641717584
402.0519792532787,65.46394506985519
402.078930309187,93.04799803736032
402.1436029056486,209.55399351994905
402.38909989452,38.68017075706485
402.4426037588595,197.634412649431
402.6702089345459,43.249890274868754
402.7260765458044,179.95855054688863
402.7479507353897,185.02512190021784
402.7696619801644,290.28454175647045
402.8691570016037,282.344149900636
402.9397190649359,40.36584673331884
403.0374684236283,96.12979554456919
403.3601050963359,38.04640324570852
403.6511747788576,87.18537200104424
403.6817073244905,85.88454563068458
403.9472727349385,46.64508917414462
404.1693669657992,76.49658218167187
404.329886561472,39.49096066966769
404.47194082749735,283.8453682416358
404.85782617964935,286.4261007573608
405.22864365211973,230.14616266180946
405.4013415278319,97.28682081199314
405.5020222717782,56.91030021674845
405.85919875194367,232.09917086142138
405.87389423833395,219.06205457723038
405.97627440621756,183.1077362517405
406.2808915713084,274.22565544294906
406.51593318832704,268.8317268777801
406.62565130698925,184.0451391417284
406.63127606868494,74.80630597781078
406.8961895110135,90.5138111243106
407.04722464157686,58.98964155425467
407.05951906172515,70.24310817396534
407.1137476025412,85.98765571043023
407.19978256314874,40.12601071418081
407.3496179727227,273.0957724577718
407.40258399431553,275.20991444443706
407.41789263497174,187.23254609196286
407.5119319824022,50.03453164631188
407.5253080832925,63.71798317485903
407.84520034927357,62.56614166966955
408.08569530867766,65.80794307559256
408.10083789774734,62.921517649636876
408.4890090952733,87.2651110468309
408.5000205554497,186.83022852267578
408.60373928518254,274.32996574627356
409.4055049338581,59.00883572882975
409.64280843795717,43.81730301649852
409.6544186344479,64.01015847079015
409.72412858176574,210.76838250391785
409.7568621751786,74.43449284119335
409.81785467040027,68.78871825188607
41.1023102042678,80.32550692369539
41.15647095795601,46.9286575867407
41.20661216977035,285.8499605229291
41.22385547009753,297.0191197229518
41.27679023084967,125.34422851925297
41.39202166909263,152.02565977887508
41.395706403223386,169.4222242700239
41.50896240252513,292.8407826451586
41.99673992854264,159.90473085602338
410.0256299982094,187.033994403337
410.1712608535447,49.092135580030245
410.2755566813863,210.03379878591363
410.45011254777336,68.06500983201852
410.5816612194405,47.260508441019624
410.59274742316427,287.70248563319126
410.70338692147243,68.77170025205452
411.458549787011,72.25709129348422
411.5043774679998,174.14609716079
411.54278335216645,274.0305939141211
411.7212035696275,212.1615492666969
411.73548034281475,46.472844052001605
411.8560601820129,200.18902089524286
411.929319060173,82.24169795640809
412.15217333607535,222.7576919065174
412.15908197426495,180.51145557007183
412.21049799113507,48.1024672606919
412.7117739554407,69.58584178993826
412.75599902198195,63.50077910426967
412.84936410168996,189.6266244448275
413.44276061769807,53.94225090172779
414.0390977711677,291.191986639943
414.0991290153845,274.0388532798984
414.25391055080945,186.05624652851577
414.42981126510915,89.90853785341297
414.76744730895615,68.07974652917466
414.7910729589547,292.09796323820837
415.228698565448,284.7566814704713
415.40620517012263,88.35417566992973
415.43129973217646,80.11122895402147
415.52117570948235,92.17682063724527
415.5964359317974,54.87810445237668
415.6403237063824,69.3249012324492
415.80194260917654,58.551844855411765
415.98508501108427,65.04569276820223
416.1357067690156,93.7158935265474
416.228553909237,62.09629830981909
416.39905087297643,281.33011601751036
416.4803386647851,80.90122692914744
416.60075197352063,60.67761462931246
416.61279064864186,277.0848490876137
416.8447158193803,197.31951776376113
417.1598364996941,73.11054137047962
417.2961076575222,181.05817903216902
417.31806855273487,201.12296183952049
417.592449551602,57.36127363839199
417.6843887755453,175.40811568473183
417.78155752567295,280.4379079710047
417.951673236163,88.79129374670859
418.17110287196056,73.16462672604607
418.3825557949701,196.52961053456906
418.4266759461932,90.48410999355791
418.4917157109437,205.66232241363787
418.5573165901084,78.6552266617663
419.0489906639383,65.11431891310359
419.1488449022796,95.22830021596809
419.1491209094312,214.75723278096507
419.1777964171686,51.28177073084864
419.36270187010575,70.44248111196909
419.7998248721416,280.1777025643314
419.97993223905496,70.30993400701487
42.21170432095725,141.87736592052738
42.247765403350684,157.728946152557
42.325730169589846,133.43370742197143
42.651480045215926,290.9726855361673
42.768598939608054,267.6089456101712
420.0364555192985,193.36397568020436
420.1052603477091,88.07588289415655
420.31705158532526,275.7204228597473
420.4224982188853,68.38385510476134
420.82916168179327,66.18177509487404
420.85924406152293,199.38615767205937
420.8924934485881,287.63479411649905
421.1864418615144,85.11363696206439
421.4510053800436,276.18520033693227
421.53078267376253,72.77026778385246
421.9328975077116,70.56858559458956
422.0968421590572,82.99944296059353
422.191466358359,194.53440413898866
422.5872477633179,185.63139696865764
423.0064633528304,211.49861601815013
423.03855276246543,291.47690348800563
423.73772995418364,80.13169987924684
424.04782895796586,285.95832804677923
424.25873658217023,84.78021553189365
424.32246555922393,193.50419348087354
424.71333744756726,65.0413257240258
424.9252938241187,61.977632117087495
425.0731039521436,65.39068920646922
425.2191525508862,275.67014774405294
425.5242021791369,149.84740721756907
425.65519415424467,83.84715868183913
425.7448630580168,200.46911840292742
426.0800833041092,283.03882517008935
426.1751721206539,49.99799140495296
426.27618570268027,195.29194655075042
426.28661049975926,194.8529010667127
426.33211573063977,83.24366062652751
426.33734701156567,284.2512904788552
426.34514298891185,91.38266116879569
426.7294251605705,209.92593639453617
426.9170158300471,60.76029932294301
427.144688656609,179.52047077530707
427.2356787666003,58.03263330747538
427.39759475556764,11.819089267904145
427.48025112736156,130.90060528852558
427.7266335101954,221.5408099903238
427.78092085665315,137.8755715149893
427.9684037436847,90.92190393906888
428.07422630455454,41.553998555411845
428.30540820772677,294.9287643629761
428.40307175636167,196.02576460996022
428.70308796750254,25.2049389042908
428.76651537460316,50.76113215894854
428.7963962452153,67.22875439441002
428.8070474926911,141.0033874507668
428.97424984011997,51.43980852875187
429.0958552487819,199.7894593387811
429.2059228215994,84.18796607820109
429.5522075536585,216.3658383313302
429.89462794124313,136.53998235256105
429.92651276252076,182.10767841806782
43.23305746725034,184.74804577132156
43.4237297476145,258.6642831609088
43.432967903161355,181.98923422607206
43.44889685247095,282.3383196185583
43.68450720977155,173.35638090829968
43.97375319012529,246.8048870460558
430.13958538457797,138.77383399407034
430.21528016335145,135.66788663433798
430.53991764792596,194.8001575454623
430.6113411285724,54.717452347771165
430.85350708460146,81.05602654238294
430.8751271198099,18.987907011951393
430.87808337328096,192.07109552579647
430.88839430864095,134.99903425276685
430.976363060552,73.76214111261889
430.9836256390987,36.70457088860354
431.4836604692324,11.695441050266721
431.9026402504127,215.3132296769539
431.9884104670412,35.146960814867775
432.3198825655152,46.54874269338252
432.65676963953405,137.57450350675646
432.90873302802765,143.74202063592557
432.9218434488842,183.7860408155002
433.61889776463744,66.8888416928054
433.9027092076221,207.20040459583566
434.2859817765026,201.5853127222189
434.33009986892165,39.75463224672492
434.3807572333903,120.73845702448273
434.4004243264126,217.16895052221804
434.6438294532677,131.07516778064291
434.93810471942226,205.95741540672734
435.20933731032187,193.5870946459882
435.2990685842149,195.53692507437825
436.07908876312507,193.27376097940308
436.355788568452,202.00585289070537
436.6070751700319,138.18884320827812
436.62698254987663,209.82780220833217
436.7148690485551,48.28135149098301
436.768164177622,131.60280290777354
436.79328543779184,153.66159197755286
436.79527143470415,131.7569189784003
436.82058362928575,214.51524503906114
436.99444406227906,26.061957972833913
437.103537053804,187.31010275054345
437.12496047388623,143.79419501156437
437.1564755841205,135.299720714398
437.2875536943029,47.430556476374
437.3623937780955,210.99259692730718
437.41574847096354,34.90631263330672
438.1427581499832,50.61835170150846
438.199969425227,120.19867119904579
438.4578919884022,126.01136706157591
438.7167335124247,9.089212959810176
439.5094099147031,155.15060426974415
439.90604228389265,147.48020645832696
44.16786098960324,172.3009290931884
44.41637599194253,170.66793501098311
44.57900988212059,182.9656034935649
440.7549589453104,124.23014973079154
440.9047885469503,219.10804806742772
440.9725183904353,191.46171017415853
441.5768672073461,136.12683815369158
441.8729759518026,153.22716573872728
442.85175299493255,5.225315535228042
443.0333341583067,115.57913678600586
443.113836087682,132.96764123407138
443.36657909743246,210.6901223200075
443.39774952337814,27.65967403365773
443.67736556389127,43.13826652041409
445.1754318822405,132.18221952221774
445.63635736164713,38.552694470330664
445.78370999102845,134.84736012225454
445.9972521185496,16.53091815695862
446.0797884542485,123.5019168552329
446.2608255105973,147.54834623305084
446.3622850584473,138.44966105703435
446.66817806064046,109.21330130211238
446.6992195821257,7.638176055692389
446.779062929764,19.49194289069259
446.9614021743827,211.83069495495945
446.9730251023843,26.936604078499123
447.24316024830586,129.96376794138078
447.27228253332055,209.94650580133336
447.2777336552516,22.896438364502334
447.2876720551335,145.3682674168
447.4555088029737,119.95981772526713
448.2156184772988,43.65654073071332
448.5129330768004,48.849546846546616
448.6560902532747,208.37990443259235
448.7678119741756,40.70462221465102
449.0329325380848,104.80490962442414
449.0481676248533,27.026211143836715
449.43604929617504,24.561963463213726
449.4730852806862,35.47145834069653
449.74667951508684,139.92499553401325
449.9605834911854,209.5214525486818
45.07102682171802,282.16860913086106
45.108309404661306,45.36989008794719
45.1965749257849,282.99364420424456
45.36717449254066,146.44552695518564
45.452981630786326,172.8750510905149
45.8019155215797,298.25175105703994
45.85423610445394,34.34543353977956
45.88580763752114,286.3867270432081
450.15437873516976,111.62456704768438
450.4738426604918,42.820326690281576
450.7891383499258,118.7029305634361
450.81723132101456,139.53021387634374
450.8601548984799,106.29719207909093
451.0819059831953,140.55124863906235
451.13757165110223,155.95804369070237
451.39507983651407,30.327349159829367
451.41619371654303,222.075538934767
451.47056727976883,22.30147021439177
451.88107490229817,127.66668065536486
452.025122268206,129.00793448710766
452.5758255761648,5.767786155623046
452.6931972833487,47.204762054108244
452.9650643886332,127.41018340704294
453.28653480735056,133.7385207343646
453.91229660457833,13.158857272314838
454.0035405409121,12.333441563580907
454.14377542073873,135.35755851970367
454.51452427542074,23.6964169102991
454.9847242607484,126.38838917047843
455.05542185767234,115.37232374787207
455.0831621508082,138.43017104477335
455.1009867257795,112.58082685861909
455.2054794021892,101.43790861458645
455.39372069878414,10.099344411738203
455.5113825398765,21.44609668695552
455.8763445535908,119.55459892567356
455.97456943618846,127.59838958858137
456.0534767784793,11.695982319580333
456.09975375720614,126.31679622224536
457.15197100384626,57.90410352767975
457.2326733075245,37.01485371791528
457.2987824634369,14.113694175692178
457.8702897004692,107.0717023782231
457.9637428229644,53.03370989058361
458.16016957004774,16.46165750861342
458.6695588990552,19.44660626068807
458.85753549985185,6.452464804735055
459.6326477937309,0.5312639041507978
459.80413271413283,3.199916147623502
459.99880814623384,117.61168807028977
46.09297794118916,180.7257894745392
46.303001552813015,171.63385221497728
46.32654859834109,169.88402625409915
46.41203809584077,285.6315849177726
46.465848581037996,260.83045951036274
46.50662132235818,161.93850494092752
46.60297225098397,23.557546683249203
46.61359496462412,254.6818099924262
46.67778267040586,134.08383998862212
46.71039011706412,233.65444393787664
460.02120494561933,112.824327851974
460.1879281992966,143.10718629493343
460.34906392639886,41.80914317768137
460.5609612578333,18.46535553918266
460.6509843445613,22.313891515996243
460.83779741627137,12.561381148546712
461.5854591173727,29.37826144833886
461.7647570908682,45.81762183999596
462.3252199314714,136.6890773287192
462.6750025994239,115.25926689814777
463.0968248929886,118.68234935875998
463.2566022095518,130.4285632020802
463.4031775156312,153.77387745374833
464.25976891086015,90.69559023763512
464.3059663708897,51.36377932352757
464.50066397037364,157.37033573893075
464.90178949245694,10.149615999355987
464.9296446151052,1.0708418135892135
465.02423860220915,57.002814461553236
465.1568165687513,28.215647694553166
465.31425429332864,139.6494756125122
465.9693559624981,151.15712913934595
465.9893812630187,263.46026231166877
466.4191798489752,22.775013015834883
466.50229616477515,167.28248617860405
466.51774319677145,52.53823930043447
466.53408198922403,148.86693517480646
466.54907130310215,109.15088958594619
466.73439864513637,0.6103341657978234
466.7469256757877,260.29733997121804
466.7623954422041,267.79613062841895
466.91481651747245,108.84141792412376
467.00915765651,35.117516304111035
467.22746381862487,276.61592586357347
467.4026362802204,4.131422412332642
467.4683483609951,273.91937451258514
467.61829581699914,263.9182015552021
467.7420204815642,96.28734465138537
467.7981050348374,269.0609460173297
467.8940190111854,153.54596021210742
467.9379927468456,37.86944730929076
468.0139550080347,291.7850171262808
468.117236457564,258.1379553001279
468.1316577363216,2.482842152064139
468.2165225369121,238.42338612231282
468.23224939008236,105.107555008052
468.2392171077218,141.88923798884184
468.28631778816634,286.9444361496068
468.3566235346268,128.29556611373036
468.3891435079795,239.87735183435083
468.4136115700584,18.09989427368313
468.5776776600455,151.071697375412
469.03984779736936,257.8081947482315
469.26378201206296,54.80982689367853
469.54022398257683,276.586957748053
469.6415952760577,105.37666528080567
469.7243287356904,48.03724125798695
469.8457333879,279.5764454164496
469.855240232736,280.86841481217783
469.9311096063243,107.83478927154482
47.03822868923654,256.911528785175
47.09252141806243,163.6643080089306
47.39486451769325,72.07705191156963
47.50064718962929,277.0044386813859
47.553704320778564,154.20805626573022
47.99910975963279,272.2180821701379
470.05259605308214,93.02873184535291
470.23339311168326,94.90538396675717
470.3025932105398,142.60930235786276
470.3083118025436,48.71563985479071
470.3977064529855,158.39178495292722
470.50490075162804,254.58765222692853
470.53995929730564,110.49994428120243
470.6426774433935,102.02312050484662
470.9742874318357,34.28534446423481
471.16862508521456,252.30067782992197
471.18992956498397,161.2560911777507
471.359123173523,160.22755407236073
471.6699797308429,263.0075589401542
471.79393083376686,16.697597427080808
471.8330926021391,60.36307298711411
472.201804412404,152.4682709712128
472.3393737652918,127.32025350029663
472.52623945519747,281.4152491504983
472.56235899251175,41.62804881426709
472.8001834335757,267.3466675639879
472.8542540014662,11.866755739201588
472.88685336876466,142.8255787501416
472.96755717580265,120.50022910004832
473.10577726345633,243.60194951260206
473.10689533449687,141.6286205532284
473.1318859675605,245.93730001237128
473.19674086662417,142.49043437671324
473.44064189882204,13.348909319125934
473.45833924419827,14.813569871275373
473.765086105025,257.87994654201077
473.8880748990044,4.3302798386925865
473.93174442867195,58.948130884522875
474.09264772262327,255.48592293457014
474.22180385854153,51.491793516570915
474.4053000099888,134.37673572990496
474.42743828588925,88.40974997655418
474.51012172227576,259.56552231113074
474.5356031912091,276.5397956680854
474.59580149393497,123.84434669811296
475.3606500347047,292.6165542649936
475.3718307780219,238.45939531534847
475.76260519413177,49.53462800099828
475.7726952576125,41.56725341580155
476.0907345857413,123.73638394978448
476.33101397952333,140.03069343428746
476.3421120350927,254.44935641987885
476.3551154444114,253.3974550724534
476.3557219973578,19.17730928048504
476.3610883144109,4.284613365157149
476.4798215293734,148.05617595846988
476.5450655461039,249.67495217433304
476.6351014552985,149.40783811500648
476.7287649244464,21.9420651673313
476.7359571920387,11.394039129022238
476.7362792407744,24.94234784373318
476.8334526413753,266.44166111128715
476.9815765112262,42.65632421867389
476.99255885325283,10.232107472856455
477.0063671861508,286.3030395018474
477.18666735818806,137.49015475360687
477.46595204040045,56.38677872772953
477.4733962048794,1.3540871891088937
477.5225244264341,49.14993905722996
477.53228758864293,259.37319379249357
477.53625506625053,271.8260738952916
477.59509318777265,17.120934164534663
477.6531071501664,153.02432501822972
478.01994027753165,87.7276708205305
478.25120642461724,16.67111544637814
478.27749204033586,251.97518697522653
478.4611111764261,162.8048110717075
478.4826811799355,270.6659909070909
478.5264238597445,114.76883116366253
478.5776638254182,26.75267891791914
478.6213679613331,236.8855974405944
478.67896890027026,158.2659702656791
478.74780901508285,279.29927235915005
478.78640659000774,245.6068421928706
478.7907578089191,147.4646287382983
478.817528732929,166.67030546255398
478.8393825900207,157.0040823921217
478.94976663183354,19.989515811123532
479.0070401978669,258.4437918163464
479.03936622315825,146.14157356522674
479.0446316158012,148.61937855357755
479.0688943945989,154.99606080087895
479.07931066942575,140.5731405502583
479.1695593735807,141.01532751376237
479.2229565782323,4.212845595274235
479.24687629630415,23.965302216302863
479.3572438960017,145.7661932603097
479.50725028821864,293.7402992484321
479.5173903153526,242.26907288760808
479.82562517257435,99.5629252752157
479.88567125719607,20.402803577756373
479.968494103662,25.332365005490995
48.11995026231365,161.88963882831158
48.2391210996456,176.54581811408946
48.27224297920698,255.20744395009453
48.351451594042985,37.00766696490647
48.40980751580578,170.97698689884814
48.55343967928273,262.74936735613636
48.73044830967708,158.37545533280203
48.75993956453488,275.9523612536063
48.81387827326434,28.809219444849486
48.886521316501565,285.7441922021902
48.907511086630386,168.6515503887936
480.02392706796223,256.9937193861563
480.18567299578876,22.749311190171852
480.19484266452895,7.741548787918347
480.4055887174082,284.3390020827627
480.4413594432303,17.961548491201526
480.5205586794757,57.05407911606325
480.700267435333,280.5940683905545
480.74235773796676,28.865962461419137
480.8189766006524,165.3992731775687
480.89438887730915,128.15063961726702
480.97756565527675,261.29215935612126
481.0111996386336,0.19496347757618437
481.04737865830003,287.70429122535177
481.10591048557274,148.30281248629808
481.1293864823646,151.81936007386108
481.1618966850564,239.16956546642191
481.22888216754615,155.27105237278693
481.25945833992625,270.9141879987862
481.3949855975421,270.7501973419158
481.64791538462146,25.82004627327575
481.8498569336913,38.808481688865804
481.8855485814472,259.40813719193386
481.9814591835986,149.60229243933924
482.0994902651384,23.541128606537114
482.11731981795003,112.79351106112445
482.1673114212534,244.42218576501267
482.2228111006886,289.06570612260174
482.35860390753226,265.80024043208317
482.4804513577735,150.97212942119913
482.6882918127202,14.970947500605735
482.9026003648099,244.1214716220317
483.1126499182836,20.823342014356825
483.2064731963124,4.43909798383311
483.29025089352683,156.73028227488984
483.3865550047149,25.987257640971926
483.50141324249,128.60336504906138
483.6679082957337,125.59759842340462
483.67032168859964,12.096832504567079
483.87524864167057,169.54150437275197
484.0183669054963,91.66145685481817
484.08968794088736,18.264407282081038
484.1819717092455,117.80554700957559
484.25894636484946,30.648398323509745
484.72162246761053,40.32693278972126
484.79922668612227,21.94167905714363
484.86862127906954,38.55156765858099
484.87813761402356,32.48217664156702
484.9003947812558,157.19108118261641
484.99218910723766,265.06075364660126
485.0497064521093,240.15279733566462
485.1426113451606,250.37342612661166
485.20088264559297,14.010067845530607
485.289859618704,255.6811324115607
485.32019806674066,260.21721250070516
485.37745473603366,57.51636828111711
485.4145679316562,146.6300749413475
485.4683072066257,253.4615609611008
485.5297931491185,108.52669396306035
485.6658462560244,285.3816743559253
485.8477554969814,268.1566240456608
485.94467447679494,47.075432995832216
486.01573492793796,162.4822304650027
486.06291853266293,144.38738508911715
486.2118276297408,163.92549998057663
486.2257016105841,259.8757491316956
486.22683086821496,250.30443464141595
486.25099753427065,29.956774141462404
486.78346220731555,84.89294779332616
487.1167564132752,163.81495078121023
487.1187112075817,32.664864557166055
487.6942644537585,20.745146915229412
487.9250791261436,29.253702913180344
488.0020075774679,21.307530793448045
488.13760987222145,15.07000500172996
488.5057212380328,20.363354485562475
488.6527915001335,114.1363363759593
488.76500704027137,14.958248014719256
488.92054261668534,134.5799469446488
489.01941604923445,283.2155795777468
489.1278625608265,103.8097884233996
489.19497354360425,257.2403757054187
489.31029581031856,263.7686067835599
489.3550346393398,108.26869930140467
489.50335004580506,287.0355423932758
489.6282112056993,250.8452713292889
489.7055094237525,262.5448530784258
489.7365984303384,277.5209772102375
489.8166156216491,38.52830458453643
489.8173861485565,276.0334104551919
489.94007079735786,150.93730153008778
489.9488548787844,275.3424252790762
49.20108964106863,290.04777391882374
49.32901973502162,148.36269381931132
49.446911884176856,81.3178766899257
49.55126546623241,242.824748722038
49.58229862228066,32.23467061103714
49.588981605854386,274.46617134911213
49.59414664146523,236.2858829093739
49.71923439440966,54.531735370866926
490.00491307696143,113.13656527034719
490.0114087664366,279.04413255797687
490.1160016115139,3.2994983165365817
490.2567793596442,236.81750018502024
490.6378832517129,117.4972577656059
490.694924578719,278.0158765328257
490.8155051856739,246.68380872644292
490.9120214098507,239.82349585244833
490.9796392158751,245.3518884580542
491.0420374814181,262.7705831643111
491.1166653831021,277.8332718069331
491.4164740914774,274.2417400551984
491.428733039835,23.795206361998414
491.4474959571494,290.0932705765699
491.60538263028735,270.34603233653013
491.7219875294642,285.3621070455029
491.78426849660804,20.561782752035278
491.8025413825759,247.08254395588946
491.83606987640053,285.92009989112836
491.83680359515716,10.981356453165997
491.86749004474837,260.1322401105903
491.8736551243592,108.89282602339333
491.9137390372055,12.700789832724585
492.17874783486633,56.80297861044487
492.4942030362252,14.803666415891822
492.74406838622014,279.0868866527308
493.0886010454651,278.70568878242915
493.2674215379987,37.522192563796374
493.30011635976126,252.88253025499222
493.3821141114619,14.047974456156656
493.43657426532246,261.16432821251846
493.51767164111226,56.1885588127193
493.949680806425,38.84153840760122
495.6945034798351,49.67790551007609
495.700583976625,54.398041407448716
495.7014411560287,61.75725445274943
495.8081912190921,19.33482884384474
495.9007943401878,254.91035953462006
495.9354835055466,254.21871184854172
497.09842947057246,8.839480891655114
497.3954084627004,43.08326807465998
497.4094080989476,37.89529975856105
499.4869606309922,17.504659317894884
5.036458686937564,218.48416284769135
5.286584265172607,222.10104852859044
5.379733565721718,225.5833635520159
5.526635593881089,205.21325011375583
5.9231061656109345,203.58798351801371
5.974844159049539,216.7357547843597
50.3789832180116,157.80662502259574
50.420920405487635,279.32838414710307
50.44309748234473,269.5985960415088
50.50379084760818,169.45026500212856
50.96309105924428,165.98959391879293
50.99178937256429,175.05296105325033
500.0855834591938,20.365451734015153
500.72795289374153,9.3651583316684
501.1320216566739,50.62571109851684
501.5404693353834,53.28654568830814
502.1719762325453,14.861153490294582
502.1872512954237,29.59388240166449
502.23579455889853,16.628850034411098
502.389755094624,21.0250687334901
503.1364312790731,30.265764092651057
51.143064435314216,244.8275184214761
51.21726723659619,290.86130027345035
51.23869820703018,283.1650606035694
51.39390795547578,185.10171757192077
51.40116689551579,155.99107259519602
51.42483755850589,284.8996115896558
51.77940508445888,154.23887236831573
51.80088891487644,178.58710421703876
51.889607363904645,275.52857828465335
52.049250345419864,256.0522823561456
52.084212357659666,180.83995882534992
52.3963605724596,179.01896640683142
52.52800444069431,295.99549724047665
52.56510994514804,143.15249972751462
52.95087310470616,276.1896600873382
53.05709500750923,160.57760599997545
53.19814399043587,277.18449230651805
53.524613221950176,167.7145733020052
53.62073239525308,146.382689466261
53.73190835510188,129.9945520880502
53.75027251673019,286.1943636822524
54.14199602605183,167.53366631362175
54.232168414657494,147.60005483192782
54.25342027037,249.0424857930602
54.31682767339949,151.91949221979434
54.32758736596804,161.98825565685803
54.327669846926355,48.55768996260462
54.37018645589913,175.7480831068066
54.61370268974483,130.88724117745073
54.70518180094686,138.93783780755479
54.708335422073105,282.8175477155656
54.89812778244916,27.631843276506658
54.91280953249911,122.56934629958499
55.08215529687324,192.07933753810576
55.083271686616094,231.48527791818876
55.10869283907191,245.78501085064073
55.240494479626264,160.35569046448805
55.275594993843065,230.0007479136373
55.42979590487664,243.1464533101211
55.52939811958861,281.0465347739465
55.80772038424639,157.59192866820266
56.17075014867595,180.3407313864519
56.185716816147,258.6974714190645
56.365468996002875,251.9292348519944
56.66132292134506,180.2802500587248
56.87900319546671,168.53331022681857
57.06709497705129,258.1352798816988
57.13098004605314,296.1030368381138
57.17253183966923,232.99478614114966
57.20609976056548,294.20712607594214
57.556345384463036,174.51658890366377
57.70398565530416,158.7091516270667
57.7376363046306,113.473349240791
57.88307902362948,163.61752161906412
57.98333599497542,172.585190562009
58.21100263578573,167.8066224860072
58.28945437580218,147.62777610928748
58.538283593385344,126.89322243614008
58.60173619448992,163.8512648850021
58.685173751844886,235.79364588462656
58.95761353650497,288.88813528714303
58.975953812994945,54.42850217744137
59.05231564695244,175.0565439649724
59.135720475833494,122.46309712835638
59.285060212086634,269.64125801311354
59.38324532559591,273.9483818831385
59.40451336937838,191.39579060177735
59.957596768743706,185.7622983573963
59.97600967639317,140.8165232207995
6.041434304547316,230.24250917136416
6.253880661070697,42.669848472779876
6.284103302225597,207.24541550888407
6.387783866687112,207.68692595555132
6.713346613115016,191.37815557203433
6.740566514374478,214.74460184570168
60.085453283809734,169.58423685930586
60.40850084101284,295.63660055178156
60.55067084329056,272.85813096314524
60.57910782168059,123.7688933558716
60.72590659371725,268.6447290218626
60.97995277505097,270.4124454401904
61.079926710493055,283.2875797618699
61.08374907591017,130.3494034675152
61.087667083424336,259.6482638724816
61.21042086943602,238.89650917152255
61.94352020305892,6.504517635888545
62.35479773279127,180.9799248167644
62.579436679101846,125.73408223082583
62.65135430226477,170.00478528159235
62.79319941734368,130.1230685218034
62.813527357769075,138.717612919155
62.915404753595865,178.8309539318655
63.32552529454388,253.07357045443837
63.378910784418075,184.04833927261544
63.478261155787706,124.09727257006115
63.50433561980693,245.9603119215623
63.7280866903223,249.98544504443163
63.77507283472903,272.66156964274313
63.87704630549443,265.57348383404
63.90127218002841,123.87416179477731
63.908022150101125,173.28271591117007
63.932391256244216,185.95808971264606
64.01794463540568,228.31040736108469
64.06447961803673,131.61692704947194
64.1525934569993,177.88815811822593
64.2014031167253,186.82893162746905
64.21143337374066,171.01991124527825
64.36258086050628,168.24924093620515
64.58076157756749,245.56808815164072
64.61039168962583,254.3396163659815
64.76731225574923,192.1754849120359
64.9632905129662,268.08254120671756
65.01823765081612,238.3440600092015
65.04788222137047,274.7322138125859
65.29476132825174,182.64219102329653
65.30118514654146,142.40475479241152
65.40814806122769,117.17829243125426
65.51012237926538,242.86656660696443
65.52591436406856,185.08960041776257
65.55014086222099,178.34112814829473
65.57183340668954,125.34274599882112
65.81199152389972,236.87255987110734
65.84468603620857,192.9644292144216
65.91068594859004,279.256739012984
65.92571474132585,281.515111076317
66.04275472169037,181.2367329213942
66.13828391259776,57.21022713270425
66.18646157692464,274.1669238974443
66.2060494512807,282.9860747795328
66.24916999127541,241.77325980480475
66.55918295331378,170.74907008658735
66.56666283264042,189.57000274709915
66.58281154048787,149.31011512272985
66.60169594782167,146.6598786857713
66.61316895617436,274.7128245436651
66.73305235606281,190.56049856008673
66.75785812728783,193.21068172932408
66.87475173125137,150.82149754638402
66.88068092589657,279.81433463752154
66.9484836355318,275.12806101334303
66.96562218860561,129.28953835749303
67.03471177219353,284.7510774589094
67.06353791910807,236.534747167455
67.16104049368593,301.8287089715959
67.23614454303308,257.94079302391646
67.40812653580154,277.9644988191179
67.46199560289537,117.34669741322726
67.6222672568711,256.1412389443952
67.66972719598239,186.9207750257606
67.77782216604376,30.55834219379074
67.87549147633405,251.36551824649342
67.88271086027355,129.86067353706014
67.89459812680938,229.43499682716816
68.06532947791801,120.9861202251122
68.06562317245427,254.28602482533353
68.16224615838296,178.12070106833733
68.53374958298095,176.04942781251472
68.6871079558766,135.4734412426517
68.93881086882037,33.545081782241766
69.099382103495,116.28266719476721
69.12201536114183,278.02145560187193
69.32440227706783,236.39380624537395
69.50761021081584,294.53308725589227
69.68214089784097,285.96019719146113
69.95226090112706,143.67677152044507
7.404483753039426,190.8300583097706
70.00917956195168,280.31301501199204
70.05922751182078,273.3576732753352
70.0817307018937,194.0364809086337
70.11039859580252,240.03447204364556
70.24406038700226,244.8221602994672
70.55824757246987,281.1005062412253
70.60280970332633,241.9211568098001
70.80279399666675,251.82541085312772
70.86265825682645,233.46088291993405
70.98040216190077,249.33587962121078
70.98646564874277,184.0289361898097
71.05063462800524,39.42461120207804
71.49454875104412,232.61469603556293
71.52736264782911,274.2437532801964
71.55353742068088,139.41818400122057
71.55592794149923,273.0447484627216
71.95600622981442,17.344454166581638
71.98601620668869,271.2436214190418
71.99817362920857,271.18068982219927
72.0082059182887,273.42597554491704
72.09594960609864,271.850717499622
72.16268557991215,254.2104708825713
72.36770477960579,195.09184109982198
72.68661171065459,183.22268770994674
72.77187881707532,184.36672375877725
72.78954525249978,159.33420277495662
72.79148372470462,192.00333472104376
72.81052851973391,270.22742356535633
73.00064495575836,147.92775898338698
73.03588528991094,19.70597073303054
73.30987743784851,132.08834149762055
73.5833378831378,233.6821272302463
73.59469595919563,267.95516672469313
73.88109127920669,251.40164857189282
73.93215758358689,164.78459369842375
74.01326065487629,170.8870923738898
74.11133288876172,261.6708061389649
74.19608834875265,284.77711800637127
74.3947612540131,122.95903523497549
74.5443226543822,43.05189357752134
74.67202389283138,23.565470755804228
75.0212422344389,266.7298404717554
75.02901224980496,154.0719418790795
75.05039226335902,188.69377828158534
75.25446598199159,269.0517887445178
75.27095727289421,124.40117984681478
75.39503057403189,29.611828687591025
75.4075904286757,115.59670414401506
75.5238688716607,274.9295499829902
75.59681655171313,263.97354329347286
75.63421795119089,12.049612350883525
75.71186386611231,256.04279393486553
75.78696075334469,276.90512524722044
1.52,42.41
76.07789775971662,259.1074505777019